{
    "instance": {
        "vehicle": [
            {
                "x":5.5, 
                "y":38.6, 
                "state":"active", 
                "trajectory": [
                    [5.5, 38.6],
                    [6.46428, 37.6428],
                    [7.42857, 36.6857],
                    [8.39285, 35.7285],
                    [9.35714, 34.7714],
                    [10.3214, 33.8143],
                    [11.2857, 32.8571],
                    [12.25, 31.9],
                    [13.2143, 30.9429],
                    [14.1786, 29.9858],
                    [15.1429, 29.0286],
                    [16.1072, 28.0714],
                    [17.0714, 27.1143],
                    [18.0357, 26.1572],
                    [19, 25.2],
                    [19.8643, 24.3],
                    [20.7286, 23.4],
                    [21.5928, 22.5],
                    [22.4571, 21.6],
                    [23.3214, 20.7],
                    [24.1857, 19.8],
                    [25.05, 18.9],
                    [25.9143, 18],
                    [26.7786, 17.1],
                    [27.6429, 16.2],
                    [28.5072, 15.3],
                    [29.3714, 14.4],
                    [30.2357, 13.5],
                    [31.1, 12.6],
                    [31.9062, 11.7688],
                    [32.7125, 10.9375],
                    [33.5188, 10.1062],
                    [34.325, 9.275],
                    [35.1312, 8.44375],
                    [35.9375, 7.6125],
                    [36.7438, 6.78125],
                    [37.55, 5.95],
                    [38.3562, 5.11875],
                    [39.1625, 4.2875],
                    [39.9688, 3.45625],
                    [40.775, 2.625],
                    [41.5813, 1.79375],
                    [42.3875, 0.9625],
                    [43.1937, 0.13125],
                    [44, -0.7],
                    [44.6813, -1.425],
                    [45.3625, -2.15],
                    [46.0437, -2.875],
                    [46.725, -3.6],
                    [47.4062, -4.325],
                    [48.0875, -5.05],
                    [48.7688, -5.775],
                    [49.45, -6.5],
                    [50.1312, -7.225],
                    [50.8125, -7.95],
                    [51.4938, -8.675],
                    [52.175, -9.4],
                    [52.8562, -10.125],
                    [53.5375, -10.85],
                    [54.2188, -11.575],
                    [54.9, -12.3]
                ],
                "speed": [
                    15, 15, 15, 15, 15, 15, 15, 15, 15, 15,
                    15, 15, 15, 15, 15, 15, 15, 15, 15, 15,
                    15, 15, 15, 15, 15, 15, 15, 15, 15, 15,
                    15, 15, 15, 15, 15, 15, 15, 15, 15, 15,
                    15, 15, 15, 15, 15, 15, 15, 15, 15, 15,
                    15, 15, 15, 15, 15, 15, 15, 15, 15, 15, 15
                ]
            },
            {
                "x":-3.5, 
                "y":47.5, 
                "state":"passive", 
                "trajectory": [
                    [-3.5, 47.5],
                    [-3.5, 47.5],
                    [-3.5, 47.5],
                    [-3.5, 47.5],
                    [-3.5, 47.5],
                    [-3.5, 47.5],
                    [-3.5, 47.5],
                    [-3.5, 47.5],
                    [-3.5, 47.5],
                    [-3.5, 47.5],
                    [-3.5, 47.5],
                    [-3.5, 47.5],
                    [-3.5, 47.5],
                    [-3.5, 47.5],
                    [-3.5, 47.5],
                    [-3.5, 47.5],
                    [-3.5, 47.5],
                    [-3.5, 47.5],
                    [-3.5, 47.5],
                    [-3.5, 47.5],
                    [-3.5, 47.5],
                    [-3.5, 47.5],
                    [-3.5, 47.5],
                    [-3.5, 47.5],
                    [-3.5, 47.5],
                    [-3.5, 47.5],
                    [-3.5, 47.5],
                    [-3.5, 47.5],
                    [-3.5, 47.5],
                    [-3.5, 47.5],
                    [-3.5, 47.5],
                    [-3.5, 47.5],
                    [-3.5, 47.5],
                    [-3.5, 47.5],
                    [-3.5, 47.5],
                    [-3.5, 47.5],
                    [-3.5, 47.5],
                    [-3.5, 47.5],
                    [-3.5, 47.5],
                    [-3.5, 47.5],
                    [-3.5, 47.5],
                    [-3.5, 47.5],
                    [-3.5, 47.5],
                    [-3.5, 47.5],
                    [-3.5, 47.5],
                    [-3.5, 47.5],
                    [-3.5, 47.5],
                    [-3.5, 47.5],
                    [-3.5, 47.5],
                    [-3.5, 47.5],
                    [-3.5, 47.5],
                    [-3.5, 47.5],
                    [-3.5, 47.5],
                    [-3.5, 47.5],
                    [-3.5, 47.5],
                    [-3.5, 47.5],
                    [-3.5, 47.5],
                    [-3.5, 47.5],
                    [-3.5, 47.5],
                    [-3.5, 47.5],
                    [-3.5, 47.5]
                ],
                "speed": [
                    0, 0, 0, 0, 0, 0, 0, 0, 0, 0,
                    0, 0, 0, 0, 0, 0, 0, 0, 0, 0,
                    0, 0, 0, 0, 0, 0, 0, 0, 0, 0,
                    0, 0, 0, 0, 0, 0, 0, 0, 0, 0,
                    0, 0, 0, 0, 0, 0, 0, 0, 0, 0,
                    0, 0, 0, 0, 0, 0, 0, 0, 0, 0, 0
                ]
            }
        ],
        "pedestrian": [
            {
                "x":2.0, 
                "y":48.0, 
                "state":"passive", 
                "trajectory": [
                    [2.0, 48.0],
                    [2.0, 48.0],
                    [2.0, 48.0],
                    [2.0, 48.0],
                    [2.0, 48.0],
                    [2.0, 48.0],
                    [2.0, 48.0],
                    [2.0, 48.0],
                    [2.0, 48.0],
                    [2.0, 48.0],
                    [2.0, 48.0],
                    [2.0, 48.0],
                    [2.0, 48.0],
                    [2.0, 48.0],
                    [2.0, 48.0],
                    [2.0, 48.0],
                    [2.0, 48.0],
                    [2.0, 48.0],
                    [2.0, 48.0],
                    [2.0, 48.0],
                    [2.0, 48.0],
                    [2.0, 48.0],
                    [2.0, 48.0],
                    [2.0, 48.0],
                    [2.0, 48.0],
                    [2.0, 48.0],
                    [2.0, 48.0],
                    [2.0, 48.0],
                    [2.0, 48.0],
                    [2.0, 48.0],
                    [2.0, 48.0],
                    [2.0, 48.0],
                    [2.0, 48.0],
                    [2.0, 48.0],
                    [2.0, 48.0],
                    [2.0, 48.0],
                    [2.0, 48.0],
                    [2.0, 48.0],
                    [2.0, 48.0],
                    [2.0, 48.0],
                    [2.0, 48.0],
                    [2.0, 48.0],
                    [2.0, 48.0],
                    [2.0, 48.0],
                    [2.0, 48.0],
                    [2.0, 48.0],
                    [2.0, 48.0],
                    [2.0, 48.0],
                    [2.0, 48.0],
                    [2.0, 48.0],
                    [2.0, 48.0],
                    [2.0, 48.0],
                    [2.0, 48.0],
                    [2.0, 48.0],
                    [2.0, 48.0],
                    [2.0, 48.0],
                    [2.0, 48.0],
                    [2.0, 48.0],
                    [2.0, 48.0],
                    [2.0, 48.0],
                    [2.0, 48.0]
                ],